启航之城,哲学,数学,绘画,能源,体育
哲学,美食,中文,经济
中文,宠物,外文,物理
外文,汽车,宗教,化学
宗教,数码,民俗,生物
民俗,家居,政治,地科
政治,情感,历史,天文
历史,旅游,法律,医药
法律,时尚,地理,心理
地理,两性,社科,信息
社科,生活,人文,理数
人文,终焉之地 真理之洲
数学,中文,经济,影视
经济,外文,物理,雕塑
物理,宗教,化学,书法
化学,民俗,生物,建筑
生物,政治,地科,音乐
地科,历史,天文,舞蹈
天文,法律,医药,动画
医药,地理,心理,游戏
心理,社科,信息,文学
信息,人文,理数,艺术
理数,终焉之地 真理之洲
绘画,经济,影视,土建
影视,物理,雕塑,水利
雕塑,化学,书法,电工
书法,生物,建筑,电信
建筑,地科,音乐,化工
音乐,天文,舞蹈,交通
舞蹈,医药,动画,军事
动画,心理,游戏,农业
游戏,信息,文学,机械
文学,理数,艺术,技工
艺术,终焉之地 真理之洲
能源,影视,土建,美食
土建,雕塑,水利,宠物
水利,书法,电工,汽车
电工,建筑,电信,数码
电信,音乐,化工,家居
化工,舞蹈,交通,情感
交通,动画,军事,旅游
军事,游戏,农业,时尚
农业,文学,机械,两性
机械,艺术,技工,生活
技工,终焉之地 真理之洲
体育,中文,土建,美食
美食,外文,水利,宠物
宠物,宗教,电工,汽车
汽车,民俗,电信,数码
数码,政治,化工,家居
家居,历史,交通,情感
情感,法律,军事,旅游
旅游,地理,农业,时尚
时尚,社科,机械,两性
两性,人文,技工,生活
生活,终焉之地 真理之洲